Player,G,PTS,TRB,AST,FG(%),FG3(%),FT(%),eFG(%),PER,WS
Fab Melo,6,1.2,0.5,0.0,50.0,-,25.0,50.0,4.9,0.0
Fabricio Oberto,336,3.2,3.5,0.9,57.6,0.0,61.7,57.6,11.2,13.6
Fat Lever,752,13.9,6.0,6.2,44.7,31.0,77.1,45.5,17.8,61.2
Fatty Taylor,640,8.0,3.9,4.0,43.8,20.6,67.6,44.1,10.5,17.0
Felipe López,249,5.8,2.4,1.0,43.2,32.7,65.9,45.1,11.5,3.1
Felton Spencer,640,5.2,5.4,0.3,48.4,0.0,65.8,48.4,10.8,20.9
Fennis Dembo,31,1.2,0.7,0.2,33.3,0.0,80.0,33.3,7.8,-0.1
Fernando Martín,24,0.9,1.2,0.4,29.0,0.0,36.4,29.0,-0.9,-0.4
Festus Ezeli,170,4.2,4.3,0.4,51.3,-,55.7,51.3,13.4,5.9
Floyd Theard,25,3.8,2.0,1.8,34.5,0.0,64.3,34.5,2.3,0.0
Floyd Volker,54,7.4,-,2.1,30.9,null,55.0,null,-,-2.0
Fly Williams,71,9.4,2.5,2.0,46.2,14.3,68.3,46.3,11.8,-0.3
Flynn Robinson,543,14.0,2.5,3.0,45.6,26.7,84.6,45.7,17.5,32.6
Foots Walker,658,6.4,2.6,4.7,43.5,22.7,76.2,43.6,13.7,31.0
Forest Able,1,0.0,1.0,1.0,0.0,null,-,null,-41.0,0.0
Forrest McKenzie,6,2.8,1.2,0.2,25.0,50.0,100.0,26.8,-2.2,-0.2
Fran Curran,123,4.9,-,1.2,39.5,null,77.4,null,-,9.2
Fran O'Hanlon,14,1.6,0.3,0.9,36.4,0.0,66.7,36.4,-5.2,0.0
Francisco Elson,472,3.7,3.5,0.6,47.8,18.8,70.0,47.9,10.0,11.7
Francisco García,549,7.9,2.6,1.4,42.7,35.7,79.9,50.7,12.3,18.2
Frank Brickowski,731,10.0,4.7,1.9,51.9,32.4,74.0,52.4,14.2,29.8
Frank Card,306,9.5,5.6,1.2,46.1,17.6,63.2,46.1,12.3,11.1
Frank Fucarino,28,5.0,-,0.3,26.8,null,56.7,null,-,0.4
Frank Gates,64,4.5,-,1.4,28.1,null,62.2,null,-,1.3
Frank Jackson,91,7.2,1.8,1.0,41.7,30.3,76.4,47.8,8.7,0.1
Frank Johnson,596,8.3,1.7,4.2,43.9,21.8,76.0,44.5,12.7,17.2
Frank Kaminsky,314,9.9,4.1,1.7,42.3,34.9,74.9,49.4,13.8,12.3
Frank Kendrick,24,3.3,1.5,0.3,40.3,null,81.8,null,20.3,0.3
Frank Kornet,89,1.9,1.1,0.3,36.9,26.3,59.6,39.8,6.2,0.0
Frank Kudelka,228,7.2,3.2,2.1,33.1,null,70.8,null,12.8,3.7
Frank Mangiapane,6,0.8,-,0.0,15.4,null,33.3,null,-,-0.1
Frank Mason III,94,6.5,1.9,2.5,38.8,29.9,76.7,43.0,12.7,0.8
Frank Ntilikina,157,5.9,2.2,3.1,36.4,31.1,76.7,42.1,7.5,-1.1
Frank Oleynick,102,5.0,0.9,1.1,38.6,null,70.8,null,10.3,-0.1
Frank Radovich,37,2.4,1.4,0.1,39.8,null,50.0,null,9.8,0.0
Frank Ramsey,623,13.4,5.5,1.8,39.9,null,80.4,null,15.5,49.2
Frank Reddout,7,1.9,1.3,0.0,83.3,null,75.0,null,42.5,0.3
Frank Russell,23,3.2,0.7,0.7,37.7,null,88.9,null,14.5,0.1
Frank Schade,9,1.1,0.7,1.1,28.6,null,100.0,null,5.8,0.0
Frank Selvy,565,10.8,3.7,2.8,39.4,null,72.8,null,9.8,17.9
Frank Williams,86,2.9,0.9,1.9,35.2,30.0,83.3,39.8,9.2,0.1
Frankie Baumholtz,45,14.0,-,1.2,29.8,null,77.6,null,-,3.8
Frankie Brian,438,12.3,2.4,2.6,34.0,null,82.1,null,13.9,30.1
Frankie King,13,2.1,1.2,0.5,35.7,33.3,75.0,37.5,11.4,0.0
Frankie Sanders,69,5.1,1.9,1.0,43.0,-,82.2,43.0,13.6,0.5
Franklin Edwards,296,6.1,1.0,2.6,44.9,3.0,79.5,44.9,12.6,3.9
Fred Brown,963,14.6,2.7,3.3,47.8,37.3,85.8,48.2,17.7,63.2
Fred Carter,611,15.2,3.9,3.5,42.5,null,69.3,null,14.0,14.8
Fred Christ,6,3.3,1.3,1.2,27.8,null,90.9,null,16.7,0.1
Fred Cofield,50,3.4,1.0,1.7,39.5,18.8,60.0,40.3,7.7,-0.5
Fred Diute,7,1.6,1.9,0.6,9.5,null,58.3,null,-2.3,-0.3
Fred Foster,524,7.8,2.4,1.1,41.4,null,72.7,null,10.7,2.9
Fred Hetzel,416,11.2,5.9,1.1,42.1,null,81.7,null,14.5,15.9
Fred Hilton,120,9.4,2.1,1.6,38.8,null,74.9,null,11.3,-3.5
Fred Hoiberg,541,5.4,2.7,1.6,43.1,39.6,85.4,51.4,13.7,27.6
Fred Jacobs,18,2.8,-,0.3,27.5,null,48.0,null,-,0.7
Fred Jones,430,7.5,2.2,2.3,41.1,35.3,80.9,47.6,11.3,16.5
Fred LaCour,144,6.5,3.3,1.9,42.1,null,77.4,null,11.8,3.4
Fred Paine,3,2.3,-,0.3,15.8,null,20.0,null,-,-0.3
Fred Roberts,818,7.3,2.8,1.2,50.2,32.5,79.6,50.8,12.6,26.2
Fred Saunders,210,5.3,3.0,1.1,44.3,null,68.2,null,11.4,3.1
Fred Schaus,334,12.2,6.0,2.9,35.2,null,82.3,null,14.7,31.4
Fred Scolari,534,11.3,2.7,2.6,32.1,null,81.8,null,13.2,30.2
Fred Sheffield,22,3.4,-,0.2,19.9,null,61.5,null,-,-0.5
Fred Taylor,88,4.4,1.6,0.8,36.4,null,59.2,null,8.7,-0.6
Fred VanVleet,208,9.7,2.5,3.9,40.7,38.8,84.0,49.7,14.9,12.4
Fred Vinson,13,1.3,0.1,0.1,25.0,23.1,66.7,31.3,-2.0,-0.2
Freddie Boyd,327,8.5,1.6,3.0,41.4,null,66.7,null,10.5,1.4
Freddie Crawford,297,6.8,2.5,2.1,44.6,null,59.5,null,11.4,6.1
Freddie Lewis,95,8.4,-,1.4,31.2,null,76.5,null,-,0.7
Freddie Lewis,750,16.0,3.7,4.0,43.2,28.0,81.7,44.6,15.0,53.8
Freeman Williams,323,14.7,1.6,1.6,46.7,33.1,82.4,48.2,17.9,10.0
Frido Frey,23,3.8,-,0.6,28.9,null,57.1,null,-,1.2
Fritz Nagy,50,5.1,-,1.4,34.7,null,67.0,null,-,2.1
Furkan Aldemir,41,2.3,4.3,0.7,51.3,0.0,48.1,51.3,12.0,1.4
Furkan Korkmaz,99,6.1,2.0,0.9,41.2,34.9,77.6,51.5,10.6,2.4